,Loan_ID,Gender,Married,Dependents,Education,Self_Employed,ApplicantIncome,CoapplicantIncome,LoanAmount,Loan_Amount_Term,Property_Area,Loan_approved,Credit_Score
0,LP001002,1,0,0,1,1,467920,0.0,10240.0,360.0,0,1,799
1,LP001003,1,1,1,1,1,366640,120640.0,10240.0,360.0,1,0,727
2,LP001005,1,1,0,1,1,240000,0.0,5280.0,360.0,0,1,782
3,LP001006,1,1,0,0,1,206640,188640.0,9600.0,360.0,0,1,722
4,LP001008,1,0,0,1,1,480000,0.0,11280.0,360.0,0,1,715
5,LP001011,1,1,2,1,1,433360,335680.0,21360.0,360.0,0,1,765
6,LP001013,1,1,0,0,1,186640,121280.0,7600.0,360.0,0,1,772
7,LP001014,1,1,3,1,1,242880,200320.0,12640.0,360.0,2,0,417
8,LP001018,1,1,2,1,1,320480,122080.0,13440.0,360.0,0,1,725
9,LP001020,1,1,1,1,1,1027280,877440.0,27920.0,360.0,2,0,721
10,LP001024,1,1,2,1,1,256000,56000.0,5600.0,360.0,0,1,767
11,LP001027,1,1,2,1,1,200000,147200.0,8720.0,360.0,0,1,700
12,LP001028,1,1,2,1,1,245840,648480.0,16000.0,360.0,0,1,719
13,LP001029,1,0,0,1,1,148240,227200.0,9120.0,360.0,1,0,781
14,LP001030,1,1,2,1,1,103920,86880.0,1360.0,120.0,0,1,799
15,LP001032,1,0,0,1,1,396000,0.0,10000.0,360.0,0,1,792
16,LP001034,1,0,1,0,1,287680,0.0,8000.0,240.0,0,1,596
17,LP001036,0,0,0,1,1,280800,0.0,6080.0,360.0,0,0,485
18,LP001038,1,1,0,0,1,390960,0.0,10640.0,360.0,1,0,792
19,LP001041,1,1,0,1,1,208000,280000.0,9200.0,360.0,0,1,796
20,LP001043,1,1,0,0,1,612800,0.0,8320.0,360.0,0,0,457
21,LP001046,1,1,1,1,1,476400,450000.0,25200.0,360.0,0,1,794
22,LP001047,1,1,0,0,1,208000,152880.0,9280.0,360.0,2,0,475
23,LP001050,1,1,2,0,1,269200,153360.0,8960.0,360.0,1,0,361
24,LP001052,1,1,1,1,1,297360,234000.0,12080.0,360.0,2,0,558
25,LP001066,1,1,0,1,1,764800,0.0,15280.0,360.0,2,1,762
26,LP001068,1,1,0,1,1,223920,180240.0,9760.0,360.0,2,1,721
27,LP001073,1,1,2,0,1,338080,83200.0,8800.0,360.0,0,1,703
28,LP001086,1,0,0,0,1,115360,0.0,2800.0,360.0,0,0,769
29,LP001087,0,0,2,1,1,300000,166640.0,9600.0,360.0,2,1,767
30,LP001091,1,1,1,1,1,333280,269520.0,16080.0,360.0,0,0,490
31,LP001095,1,0,0,1,1,253360,0.0,5920.0,360.0,0,0,775
32,LP001097,1,0,1,1,1,375360,0.0,8480.0,360.0,1,0,727
33,LP001098,1,1,0,1,1,280000,133360.0,9120.0,360.0,2,1,720
34,LP001100,1,0,3,1,1,1000000,240000.0,25600.0,360.0,1,0,777
35,LP001106,1,1,0,1,1,182000,165360.0,10240.0,360.0,0,1,754
36,LP001109,1,1,0,1,1,146240,106400.0,8000.0,360.0,0,0,480
37,LP001112,0,1,0,1,1,293360,116720.0,11520.0,360.0,2,1,717
38,LP001114,1,0,0,1,1,333280,576800.0,14720.0,360.0,0,1,751
39,LP001116,1,0,0,0,1,299840,133440.0,8800.0,360.0,2,1,800
40,LP001119,1,0,0,1,1,288000,0.0,6400.0,360.0,0,0,707
41,LP001120,1,0,0,1,1,144000,97040.0,3760.0,360.0,0,1,749
42,LP001123,1,1,0,1,1,192000,0.0,6000.0,360.0,0,1,445
43,LP001131,1,1,0,1,1,315280,186880.0,10720.0,360.0,2,1,762
44,LP001136,1,1,0,0,1,375600,0.0,7680.0,360.0,0,1,744
45,LP001137,0,0,0,1,1,272800,0.0,7040.0,360.0,0,1,735
46,LP001138,1,1,1,1,1,451920,0.0,3520.0,360.0,0,1,741
47,LP001144,1,1,0,1,1,465680,0.0,11520.0,360.0,0,1,734
48,LP001146,0,1,0,1,1,211600,275200.0,9600.0,360.0,0,0,386
49,LP001151,0,0,0,1,1,320000,182000.0,11520.0,360.0,2,1,762
50,LP001155,0,1,0,0,1,154240,131520.0,8000.0,360.0,2,1,731
51,LP001157,0,0,0,1,1,246880,0.0,9600.0,360.0,2,1,736
52,LP001164,0,0,0,1,1,338400,0.0,8960.0,360.0,2,0,706
53,LP001179,1,1,2,1,1,369280,0.0,10720.0,360.0,0,0,738
54,LP001186,0,1,1,1,1,920000,0.0,22880.0,360.0,0,0,519
55,LP001194,1,1,2,1,1,216640,93360.0,7760.0,360.0,2,1,710
56,LP001195,1,1,0,1,1,170560,127280.0,7680.0,360.0,2,1,738
57,LP001197,1,1,0,1,1,269280,176000.0,10800.0,360.0,1,0,732
58,LP001198,1,1,1,1,1,646400,180000.0,14400.0,360.0,0,1,798
59,LP001199,1,1,2,0,1,268560,228720.0,11520.0,360.0,0,1,740
60,LP001205,1,1,0,1,1,200000,303680.0,9600.0,360.0,0,1,773
61,LP001206,1,1,3,1,1,242320,0.0,7920.0,360.0,0,1,719
62,LP001207,1,1,0,0,1,208720,275920.0,13200.0,180.0,1,0,436
63,LP001213,1,1,1,1,1,395600,0.0,10240.0,360.0,1,0,585
64,LP001222,0,0,0,1,1,333280,0.0,9280.0,360.0,2,0,326
65,LP001225,1,1,0,1,1,458080,367600.0,20640.0,360.0,2,0,707
66,LP001228,1,0,0,0,1,256000,180320.0,10080.0,180.0,0,0,412
67,LP001233,1,1,1,1,1,860000,0.0,24960.0,360.0,0,1,753
68,LP001238,1,1,3,0,1,568000,0.0,10000.0,60.0,0,1,778
69,LP001241,0,0,0,1,1,344000,0.0,10880.0,360.0,2,0,572
70,LP001243,1,1,0,1,1,256640,245280.0,13760.0,360.0,0,1,746
71,LP001245,1,1,2,0,1,150000,150000.0,7760.0,360.0,2,1,752
72,LP001248,1,0,0,1,1,280000,0.0,6480.0,300.0,2,1,758
73,LP001250,1,1,3,0,1,380400,0.0,7600.0,360.0,2,0,406
74,LP001253,1,1,3,1,1,421280,141920.0,14960.0,360.0,2,1,800
75,LP001255,1,0,0,1,1,300000,0.0,9040.0,480.0,0,0,719
76,LP001256,1,0,0,1,1,300000,380000.0,14080.0,360.0,0,0,740
77,LP001259,1,1,1,1,1,80000,241760.0,8800.0,360.0,0,0,736
78,LP001263,1,1,3,1,1,253360,320000.0,14400.0,300.0,2,0,501
79,LP001264,1,1,3,0,1,266640,173280.0,10400.0,360.0,2,1,385
80,LP001265,0,0,0,1,1,307680,0.0,8880.0,360.0,2,1,717
81,LP001266,1,1,1,1,1,191600,0.0,10240.0,360.0,2,1,782
82,LP001267,0,1,2,1,1,110240,150480.0,13360.0,360.0,0,0,718
83,LP001273,1,1,0,1,1,480000,180000.0,21200.0,360.0,2,0,315
84,LP001275,1,1,1,1,1,319040,0.0,4000.0,240.0,0,1,762
85,LP001279,1,0,0,1,1,189280,202480.0,10880.0,360.0,2,1,758
86,LP001280,1,1,2,0,1,266640,160000.0,7920.0,360.0,2,1,455
87,LP001282,1,1,0,1,1,200000,169440.0,8320.0,360.0,2,1,734
88,LP001289,1,0,0,1,1,685280,0.0,16800.0,360.0,0,1,791
89,LP001310,1,1,0,1,1,455600,333360.0,14000.0,360.0,2,1,729
90,LP001316,1,1,0,1,1,236640,232000.0,10480.0,360.0,2,1,746
91,LP001318,1,1,2,1,1,500000,452320.0,15040.0,180.0,2,1,776
92,LP001319,1,1,2,0,1,261840,145600.0,6480.0,360.0,0,1,706
93,LP001322,1,0,0,1,1,330640,0.0,9760.0,360.0,2,1,775
94,LP001325,1,0,0,0,1,289600,0.0,2000.0,120.0,2,1,790
95,LP001326,1,0,0,1,1,542560,0.0,10240.0,360.0,0,0,432
96,LP001327,0,1,0,1,1,198720,184160.0,10960.0,360.0,2,1,705
97,LP001333,1,1,0,1,1,158160,79760.0,4000.0,360.0,2,1,735
98,LP001334,1,1,0,0,1,335040,0.0,9200.0,180.0,2,1,714
99,LP001343,1,1,0,1,1,140720,283280.0,10480.0,360.0,2,1,791
100,LP001345,1,1,2,0,1,343040,261040.0,10640.0,180.0,0,1,771
101,LP001349,1,0,0,1,1,387440,304480.0,12080.0,360.0,2,1,754
102,LP001350,1,1,0,1,1,1092000,0.0,10240.0,360.0,0,1,743
103,LP001356,1,1,0,1,1,372160,286640.0,10240.0,360.0,2,1,767
104,LP001357,1,1,0,1,1,305280,60320.0,12800.0,360.0,0,1,718
105,LP001367,1,1,1,1,1,244160,82400.0,8000.0,360.0,0,1,770
106,LP001369,1,1,2,1,1,913360,90080.0,18000.0,360.0,0,1,724
107,LP001370,1,0,0,0,1,586640,0.0,9600.0,360.0,1,0,752
108,LP001379,1,1,2,1,1,304000,288000.0,17280.0,360.0,0,0,450
109,LP001384,1,1,3,0,1,165680,60320.0,7520.0,480.0,2,1,703
110,LP001385,1,0,0,1,1,425280,0.0,10880.0,360.0,0,1,772
111,LP001387,0,1,0,1,1,234320,186640.0,11120.0,360.0,2,1,701
112,LP001391,1,1,0,0,1,285760,329120.0,12160.0,360.0,1,0,485
113,LP001392,0,0,1,1,1,596080,0.0,10240.0,360.0,2,1,769
114,LP001398,1,0,0,1,1,404000,0.0,9440.0,360.0,2,1,798
115,LP001401,1,1,1,1,1,1166640,0.0,14800.0,180.0,1,1,731
116,LP001404,0,1,0,1,1,253360,182640.0,12320.0,360.0,2,1,717
117,LP001405,1,1,1,1,1,177120,111840.0,6800.0,360.0,0,1,471
118,LP001421,1,1,0,1,1,445440,171360.0,14000.0,360.0,1,0,749
119,LP001422,0,0,0,1,1,832640,0.0,20720.0,360.0,0,1,725
120,LP001426,1,1,0,1,1,453360,213360.0,14400.0,360.0,1,1,767
121,LP001430,0,0,0,1,1,333280,0.0,3520.0,360.0,2,1,703
122,LP001431,0,0,0,1,1,170960,718400.0,10960.0,360.0,2,1,502
123,LP001432,1,1,2,1,1,236560,0.0,6480.0,360.0,2,1,736
124,LP001439,1,1,0,0,1,344000,161120.0,15520.0,360.0,1,1,709
125,LP001443,0,0,0,1,1,295360,0.0,7440.0,360.0,1,1,302
126,LP001448,1,1,3,1,1,1904240,0.0,29600.0,360.0,1,1,731
127,LP001449,1,0,0,1,1,309200,131200.0,10240.0,360.0,1,1,708
128,LP001451,1,1,1,1,1,841040,308000.0,12800.0,180.0,0,0,523
129,LP001465,1,1,0,1,1,486400,205520.0,14560.0,360.0,1,0,401
130,LP001469,1,0,0,1,1,1613280,0.0,52000.0,480.0,0,1,558
131,LP001473,1,0,0,1,1,161120,154320.0,5920.0,360.0,0,1,757
132,LP001478,1,0,0,1,1,217440,0.0,5600.0,360.0,2,1,756
133,LP001482,1,1,0,1,1,276720,0.0,2000.0,120.0,2,1,771
134,LP001487,1,0,0,1,1,391600,0.0,8160.0,360.0,2,1,761
135,LP001488,1,1,3,1,1,320000,620000.0,23200.0,360.0,2,0,749
136,LP001489,0,1,0,1,1,366640,0.0,6720.0,360.0,1,0,747
137,LP001491,1,1,2,1,1,265280,280000.0,7040.0,360.0,0,1,774
138,LP001492,1,0,0,1,1,1199920,0.0,19360.0,360.0,2,0,437
139,LP001493,1,1,2,0,1,336000,114400.0,10320.0,360.0,1,0,729
140,LP001497,1,1,2,1,1,403360,166640.0,14800.0,360.0,1,0,760
141,LP001498,1,0,0,1,1,433360,0.0,13440.0,360.0,0,1,778
142,LP001504,1,0,0,1,1,556000,0.0,14000.0,180.0,2,1,703
143,LP001507,1,1,0,1,1,215840,162720.0,9760.0,360.0,2,1,769
144,LP001508,1,1,2,1,1,940560,0.0,14960.0,180.0,0,1,717
145,LP001514,0,1,0,1,1,186400,358880.0,8000.0,360.0,2,1,729
146,LP001516,0,1,2,1,1,1189280,0.0,5600.0,360.0,0,1,798
147,LP001518,1,1,1,1,1,123040,114000.0,2400.0,360.0,0,1,743
148,LP001519,0,0,0,1,1,800000,133280.0,18000.0,360.0,1,0,749
149,LP001520,1,1,0,1,1,388800,66400.0,10000.0,360.0,2,1,771
150,LP001528,1,0,0,1,1,502160,0.0,9440.0,360.0,1,0,356
151,LP001529,1,1,0,1,1,206160,300000.0,12160.0,360.0,1,1,771
152,LP001531,1,0,0,1,1,733280,0.0,19520.0,360.0,0,0,702
153,LP001532,1,1,2,0,1,182480,0.0,9040.0,360.0,1,0,756
154,LP001535,1,0,0,1,1,260320,0.0,4000.0,360.0,0,1,730
155,LP001536,1,1,3,1,1,3199920,0.0,48000.0,180.0,2,1,328
156,LP001541,1,1,1,1,1,480000,0.0,12800.0,360.0,1,1,419
157,LP001543,1,1,1,1,1,763040,0.0,14960.0,360.0,0,1,786
158,LP001546,1,0,0,1,1,238400,166640.0,9600.0,360.0,1,1,728
159,LP001552,1,1,0,1,1,366640,450000.0,20400.0,360.0,2,1,785
160,LP001560,1,1,0,0,1,149040,83280.0,7840.0,360.0,2,1,755
161,LP001562,1,1,0,1,1,634640,0.0,22000.0,360.0,0,0,766
162,LP001565,1,1,1,1,1,247120,102400.0,9680.0,360.0,2,0,300
163,LP001570,1,1,2,1,1,333360,115760.0,12640.0,360.0,1,1,702
164,LP001572,1,1,0,1,1,745840,0.0,6000.0,180.0,0,1,755
165,LP001574,1,1,0,1,1,296560,253280.0,14560.0,360.0,1,1,751
166,LP001577,0,1,0,1,1,366640,0.0,8960.0,360.0,1,0,764
167,LP001578,1,1,0,1,1,195120,266640.0,10320.0,360.0,1,1,736
168,LP001579,1,0,0,1,1,178960,0.0,5040.0,480.0,2,0,383
169,LP001580,1,1,2,1,1,640000,0.0,16000.0,360.0,2,1,730
170,LP001581,1,1,0,0,1,145600,141520.0,7600.0,360.0,1,1,768
171,LP001585,1,1,3,1,1,4141040,0.0,56000.0,300.0,0,1,716
172,LP001586,1,1,3,0,1,281760,0.0,6480.0,180.0,1,0,714
173,LP001594,1,1,0,1,1,456640,450000.0,14960.0,360.0,2,1,708
174,LP001603,1,1,0,0,1,347520,58880.0,6960.0,360.0,2,0,727
175,LP001606,1,1,0,1,1,279760,157120.0,9280.0,360.0,1,1,730
176,LP001608,1,1,2,1,1,163600,129520.0,8080.0,360.0,1,1,753
177,LP001610,1,1,3,1,1,441280,904000.0,39600.0,360.0,2,0,534
178,LP001616,1,1,1,1,1,300000,0.0,9280.0,360.0,2,1,725
179,LP001630,1,0,0,0,1,186640,116080.0,8160.0,480.0,0,0,319
180,LP001633,1,1,1,1,1,512000,580000.0,14400.0,360.0,0,0,405
181,LP001634,1,0,0,1,1,153280,405040.0,5360.0,360.0,1,0,522
182,LP001636,1,1,0,1,1,368000,0.0,5840.0,180.0,2,1,772
183,LP001637,1,1,1,1,1,2707680,0.0,20800.0,360.0,2,0,710
184,LP001639,0,1,0,1,1,290000,0.0,8640.0,360.0,2,1,759
185,LP001640,1,1,0,1,1,3131760,380000.0,9600.0,360.0,2,1,734
186,LP001641,1,1,1,1,1,174240,0.0,5280.0,300.0,1,0,305
187,LP001643,1,1,0,1,1,190640,171040.0,4640.0,360.0,1,1,555
188,LP001644,1,1,0,1,1,53920,423680.0,13440.0,360.0,1,1,785
189,LP001647,1,1,0,1,1,746240,0.0,15040.0,180.0,1,1,799
190,LP001653,1,0,0,0,1,390800,0.0,3840.0,360.0,1,1,711
191,LP001656,1,0,0,1,1,960000,0.0,13120.0,360.0,2,0,724
192,LP001657,1,1,0,0,1,482640,0.0,12800.0,360.0,0,0,715
193,LP001658,1,0,0,1,1,308640,0.0,6080.0,360.0,2,1,790
194,LP001664,1,0,0,1,1,335280,0.0,9600.0,360.0,1,1,709
195,LP001665,1,1,1,1,1,250000,206640.0,13600.0,360.0,2,0,730
196,LP001666,1,0,0,1,1,666640,300000.0,14960.0,360.0,1,1,794
197,LP001669,0,0,0,0,1,152560,189200.0,9600.0,360.0,0,1,774
198,LP001671,0,1,0,1,1,273280,225280.0,9040.0,360.0,2,1,532
199,LP001673,1,0,0,1,1,880000,0.0,6640.0,360.0,0,0,750
200,LP001674,1,1,1,0,1,208000,200000.0,7200.0,360.0,2,1,744
201,LP001677,1,0,2,1,1,393840,0.0,13280.0,360.0,2,1,522
202,LP001682,1,1,3,0,1,319360,0.0,10240.0,180.0,0,0,739
203,LP001688,1,1,1,0,1,280000,86640.0,10800.0,360.0,0,1,766
204,LP001691,1,1,2,0,1,313360,0.0,9920.0,360.0,2,1,732
205,LP001692,0,0,0,0,1,352640,0.0,9600.0,360.0,2,1,732
206,LP001693,0,0,0,1,1,259520,0.0,6400.0,360.0,0,1,781
207,LP001698,1,0,0,0,1,318000,202480.0,4400.0,360.0,1,1,786
208,LP001699,1,0,0,1,1,198320,0.0,4720.0,360.0,0,1,758
209,LP001702,1,0,0,1,1,273440,0.0,10160.0,360.0,2,0,787
210,LP001708,0,0,0,1,1,800000,0.0,17120.0,360.0,2,0,703
211,LP001711,1,1,3,1,1,274400,100000.0,10240.0,360.0,2,0,587
212,LP001713,1,1,1,1,1,622960,0.0,19200.0,360.0,0,1,767
213,LP001715,1,1,3,0,1,456240,0.0,10400.0,360.0,1,1,728
214,LP001716,1,1,0,1,1,253840,241680.0,10960.0,360.0,0,1,754
215,LP001720,1,1,3,0,1,308000,78640.0,8000.0,360.0,2,1,730
216,LP001722,1,1,0,1,1,12000,144000.0,10800.0,360.0,1,0,746
217,LP001726,1,1,0,1,1,298160,142000.0,10480.0,360.0,2,1,702
218,LP001732,1,1,2,1,1,400000,0.0,5760.0,360.0,2,0,476
219,LP001734,0,1,2,1,1,342640,190640.0,10160.0,360.0,2,1,428
220,LP001736,1,1,0,1,1,177680,0.0,4800.0,360.0,0,0,411
221,LP001743,1,1,2,1,1,320720,137360.0,9280.0,360.0,2,1,723
222,LP001744,1,0,0,1,1,237680,223280.0,11520.0,360.0,2,1,794
223,LP001749,1,1,0,1,1,606240,80800.0,14000.0,360.0,2,1,704
224,LP001750,1,1,0,1,1,500000,0.0,10240.0,360.0,2,1,752
225,LP001751,1,1,0,1,1,260000,0.0,13600.0,360.0,1,0,713
226,LP001754,1,1,0,0,1,378800,0.0,11040.0,360.0,0,0,725
227,LP001758,1,1,2,1,1,500000,135600.0,16800.0,360.0,2,1,768
228,LP001760,1,1,0,1,1,380640,0.0,12640.0,480.0,2,1,720
229,LP001761,1,0,0,1,1,512000,0.0,16000.0,360.0,1,1,782
230,LP001765,1,1,1,1,1,199280,164320.0,8320.0,360.0,2,1,759
231,LP001768,1,1,0,1,1,297280,0.0,3360.0,180.0,1,1,701
232,LP001770,1,0,0,0,1,255120,207840.0,9600.0,360.0,1,1,710
233,LP001776,0,0,0,1,1,666640,0.0,22400.0,360.0,2,1,758
234,LP001778,1,1,1,1,1,252400,142320.0,11200.0,360.0,2,1,777
235,LP001784,1,1,1,1,1,440000,100800.0,13600.0,360.0,1,1,749
236,LP001786,1,1,0,1,1,459680,0.0,20400.0,360.0,0,0,515
237,LP001788,0,0,0,1,1,277040,0.0,9760.0,360.0,0,1,499
238,LP001790,0,0,1,1,1,304960,0.0,8960.0,360.0,1,1,723
239,LP001792,1,1,1,1,1,265200,0.0,7680.0,360.0,2,1,775
240,LP001798,1,1,2,1,1,465520,400000.0,9600.0,360.0,1,1,751
241,LP001800,1,1,1,0,1,200800,158640.0,11200.0,180.0,0,0,770
242,LP001806,1,0,0,1,1,237200,456080.0,12400.0,60.0,0,1,753
243,LP001807,1,1,2,1,1,500000,104000.0,8640.0,360.0,1,1,727
244,LP001811,1,1,0,0,1,272480,353360.0,9840.0,360.0,2,1,787
245,LP001813,1,0,0,1,1,484000,346640.0,9600.0,180.0,0,0,734
246,LP001814,1,1,2,1,1,776240,0.0,8960.0,360.0,0,1,769
247,LP001819,1,1,1,0,1,528640,0.0,10960.0,180.0,0,1,774
248,LP001824,1,1,1,1,1,230560,147440.0,9840.0,480.0,2,1,796
249,LP001825,1,1,0,1,1,144720,149440.0,7200.0,360.0,0,1,791
250,LP001835,1,1,0,0,1,133440,311200.0,16080.0,360.0,2,0,554
251,LP001836,0,0,2,1,1,274160,0.0,11040.0,360.0,0,0,760
252,LP001841,1,0,0,0,1,206640,173360.0,8320.0,360.0,1,1,786
253,LP001843,1,1,1,0,1,212880,568080.0,22320.0,180.0,2,1,724
254,LP001844,1,0,0,1,1,1300000,0.0,15360.0,360.0,0,0,523
255,LP001846,0,0,3,1,1,246640,0.0,20400.0,360.0,1,1,749
256,LP001849,1,0,0,0,1,483600,0.0,9200.0,360.0,1,0,505
257,LP001854,1,1,3,1,1,420000,0.0,7520.0,360.0,0,0,762
258,LP001859,1,1,0,1,1,1174640,168000.0,24320.0,360.0,1,0,713
259,LP001864,1,1,3,0,1,394480,0.0,10240.0,360.0,2,0,357
260,LP001865,1,1,1,1,1,486640,340000.0,26400.0,360.0,0,1,319
261,LP001868,1,0,0,1,1,164800,176720.0,10720.0,360.0,2,1,780
262,LP001870,0,0,1,1,1,278480,0.0,12400.0,36.0,2,0,786
263,LP001871,0,0,0,1,1,576000,0.0,9600.0,360.0,1,1,736
264,LP001872,1,0,0,1,1,413280,0.0,10240.0,360.0,2,1,732
265,LP001875,1,0,0,1,1,327600,275760.0,12080.0,360.0,1,1,788
266,LP001877,1,1,2,1,1,376640,110960.0,12000.0,360.0,2,1,796
267,LP001882,1,1,3,1,1,346640,144880.0,12800.0,360.0,0,1,518
268,LP001883,0,0,0,1,1,273440,0.0,10800.0,360.0,1,0,715
269,LP001884,0,0,1,1,1,230080,124800.0,7200.0,360.0,0,1,791
270,LP001888,0,0,0,1,1,258960,0.0,2400.0,360.0,0,1,727
271,LP001891,1,1,0,1,1,891680,0.0,10880.0,360.0,0,1,769
272,LP001892,1,0,0,1,1,226640,148560.0,10080.0,360.0,1,1,735
273,LP001894,1,1,0,1,1,209600,177840.0,12000.0,360.0,2,1,796
274,LP001896,1,1,2,1,1,312000,0.0,7200.0,360.0,2,1,736
275,LP001900,1,1,1,1,1,220000,147360.0,9200.0,360.0,2,1,714
276,LP001903,1,1,0,1,1,319440,261920.0,16560.0,360.0,2,1,735
277,LP001904,1,1,0,1,1,248240,104000.0,6400.0,360.0,0,1,718
278,LP001907,1,1,0,1,1,1166640,0.0,34880.0,360.0,2,1,735
279,LP001908,0,1,0,0,1,328000,0.0,9920.0,360.0,1,1,533
280,LP001910,1,0,1,0,1,324240,194080.0,12640.0,360.0,0,0,430
281,LP001914,1,1,0,1,1,314160,64000.0,8960.0,360.0,2,1,790
282,LP001915,1,1,2,1,1,184080,78863.999024,6240.0,180.0,0,1,797
283,LP001917,0,0,0,1,1,144880,133280.0,4320.0,360.0,0,1,729
284,LP001922,1,1,0,1,1,1653360,0.0,10240.0,360.0,1,0,788
285,LP001924,1,0,0,1,1,252640,244240.0,7120.0,360.0,1,1,718
286,LP001925,0,0,0,1,1,208000,137360.0,7920.0,300.0,2,0,724
287,LP001926,1,1,0,1,1,296320,160000.0,9600.0,360.0,1,1,727
288,LP001931,0,0,0,1,1,329920,0.0,9200.0,360.0,2,1,735
289,LP001935,1,0,0,1,1,760640,0.0,14960.0,360.0,1,1,706
290,LP001936,1,1,0,1,1,246000,193280.0,11120.0,360.0,1,1,757
291,LP001938,1,1,2,1,1,352000,0.0,10160.0,360.0,2,0,451
292,LP001940,1,1,2,1,1,252240,124800.0,10720.0,360.0,0,1,799
293,LP001945,0,0,0,1,1,433360,0.0,11440.0,480.0,0,0,309
294,LP001947,1,1,0,1,1,190640,266720.0,13760.0,360.0,2,1,726
295,LP001949,1,1,3,1,1,353280,100000.0,8800.0,360.0,0,1,763
296,LP001953,1,1,1,1,1,550000,0.0,16000.0,360.0,2,1,757
297,LP001954,0,1,1,1,1,373280,0.0,10800.0,360.0,0,1,781
298,LP001955,0,0,0,1,1,400000,203280.0,12080.0,480.0,1,0,785
299,LP001963,1,1,1,1,1,161120,234000.0,9040.0,360.0,0,0,788
300,LP001964,1,1,0,0,1,144000,234720.0,7440.0,360.0,0,0,536
301,LP001972,1,1,0,0,1,230000,140000.0,8400.0,360.0,2,1,700
302,LP001974,0,0,0,1,1,400000,0.0,10560.0,360.0,1,1,719
303,LP001977,1,1,1,1,1,130000,144240.0,7680.0,360.0,0,1,780
304,LP001978,1,0,0,1,1,320000,200000.0,11200.0,360.0,1,1,709
305,LP001990,1,0,0,0,1,160000,0.0,10240.0,360.0,0,0,743
306,LP001993,0,0,0,1,1,300960,133280.0,10800.0,360.0,1,1,760
307,LP001994,0,0,0,1,1,192000,149040.0,8320.0,360.0,0,0,437
308,LP001996,1,0,0,1,1,1618640,0.0,38400.0,360.0,1,0,800
309,LP001998,1,1,2,0,1,613360,0.0,14800.0,360.0,1,1,430
310,LP002002,0,0,0,1,1,233360,0.0,6720.0,360.0,2,1,712
311,LP002004,1,0,0,0,1,234160,192400.0,8880.0,360.0,2,1,729
312,LP002006,0,0,0,1,1,200560,0.0,4480.0,360.0,1,1,730
313,LP002008,1,1,2,1,1,459680,0.0,11520.0,84.0,1,1,344
314,LP002024,1,1,0,1,1,197840,147440.0,12720.0,360.0,1,0,751
315,LP002031,1,1,1,0,1,271920,131200.0,8880.0,180.0,0,1,762
316,LP002035,1,1,2,1,1,297360,0.0,9600.0,360.0,2,1,737
317,LP002036,1,1,0,1,1,164640,170720.0,7040.0,360.0,0,1,482
318,LP002043,0,0,1,1,1,283280,0.0,8960.0,360.0,2,1,600
319,LP002050,1,1,1,1,1,800000,0.0,12400.0,360.0,1,0,776
320,LP002051,1,1,0,1,1,192000,173360.0,9200.0,360.0,2,1,793
321,LP002053,1,1,3,1,1,347360,15120.0,9920.0,360.0,2,1,750
322,LP002054,1,1,2,0,1,288080,127200.0,10240.0,360.0,1,1,753
323,LP002055,0,0,0,1,1,253280,238800.0,10560.0,360.0,1,1,468
324,LP002065,1,1,3,1,1,1200000,0.0,24000.0,360.0,1,1,735
325,LP002067,1,1,1,1,1,693280,398640.0,30080.0,360.0,1,0,357
326,LP002068,1,0,0,1,1,393360,0.0,10400.0,360.0,1,1,588
327,LP002082,1,1,0,1,1,465440,172800.0,14720.0,360.0,2,1,799
328,LP002086,0,1,0,1,1,346640,196080.0,8800.0,360.0,0,0,770
329,LP002087,0,0,0,1,1,200000,0.0,5360.0,360.0,0,1,726
330,LP002097,1,0,1,1,1,350720,143440.0,9360.0,360.0,0,1,763
331,LP002098,1,0,0,1,1,234800,0.0,7840.0,360.0,2,1,759
332,LP002100,1,0,0,1,1,226640,0.0,5680.0,360.0,0,1,745
333,LP002101,1,1,0,1,1,5066960,0.0,39200.0,180.0,0,1,718
334,LP002103,1,1,1,1,1,786640,146640.0,14560.0,180.0,0,1,787
335,LP002106,1,1,0,1,1,440240,359200.0,5600.0,360.0,2,1,782
336,LP002110,1,1,1,1,1,420000,55040.0,12800.0,360.0,1,1,741
337,LP002112,1,1,2,1,1,200000,368000.0,14080.0,360.0,1,1,703
338,LP002113,0,0,3,0,1,146400,0.0,10240.0,360.0,0,0,474
339,LP002114,0,0,0,1,1,332800,0.0,5680.0,360.0,2,1,762
340,LP002115,1,1,3,0,1,211760,126960.0,13840.0,360.0,1,0,758
341,LP002116,0,0,0,1,1,190240,0.0,3680.0,360.0,1,0,796
342,LP002119,1,1,1,0,1,364320,98320.0,12640.0,360.0,0,1,799
343,LP002126,1,1,3,0,1,253840,0.0,5920.0,360.0,2,1,751
344,LP002128,1,1,2,1,1,206640,186400.0,10000.0,360.0,1,1,773
345,LP002129,1,1,0,1,1,199920,196640.0,12800.0,360.0,2,1,795
346,LP002130,1,1,0,0,1,281840,258400.0,12160.0,360.0,1,0,594
347,LP002131,1,1,2,0,1,246640,173440.0,10080.0,360.0,0,1,765
348,LP002137,1,1,0,1,1,506640,366640.0,20720.0,360.0,2,1,485
349,LP002138,1,1,0,1,1,210000,500000.0,14960.0,360.0,1,1,773
350,LP002139,1,1,0,1,1,726640,0.0,18240.0,360.0,2,1,749
351,LP002140,1,0,0,1,1,700000,333360.0,24640.0,360.0,1,0,748
352,LP002141,1,1,3,1,1,213280,166640.0,7600.0,360.0,1,1,743
353,LP002142,0,1,0,1,1,440000,0.0,8400.0,360.0,1,0,340
354,LP002143,0,1,0,1,1,193840,40400.0,10400.0,360.0,2,1,735
355,LP002144,0,0,0,1,1,305040,0.0,9280.0,180.0,0,1,753
356,LP002149,1,1,2,1,1,666640,253360.0,13200.0,360.0,1,1,739
357,LP002151,1,1,1,1,1,310000,0.0,5360.0,360.0,0,0,763
358,LP002158,1,1,0,0,1,240000,133280.0,8000.0,480.0,0,0,390
359,LP002160,1,1,3,1,1,413360,253360.0,16000.0,360.0,2,1,786
360,LP002161,0,0,1,1,1,377840,0.0,6480.0,360.0,2,0,704
361,LP002170,1,1,2,1,1,400000,293360.0,18880.0,360.0,2,1,763
362,LP002175,1,1,0,1,1,380000,186640.0,10400.0,360.0,0,1,772
363,LP002178,1,1,0,1,1,241040,242640.0,7600.0,300.0,0,1,437
364,LP002180,1,0,0,1,1,545760,0.0,11280.0,360.0,1,1,759
365,LP002181,1,0,0,0,1,497280,0.0,10640.0,360.0,1,0,711
366,LP002187,1,0,0,1,1,200000,0.0,7680.0,480.0,2,0,756
367,LP002188,1,0,0,1,1,409920,0.0,9920.0,360.0,1,0,345
368,LP002190,1,1,1,1,1,506000,0.0,14000.0,360.0,2,1,747
369,LP002191,1,1,0,1,1,1578400,421280.0,45600.0,360.0,1,0,723
370,LP002194,0,0,0,1,1,1260720,0.0,4400.0,360.0,2,1,746
371,LP002197,1,1,2,1,1,414800,0.0,12400.0,360.0,2,1,785
372,LP002201,1,1,2,1,1,745840,629840.0,30400.0,300.0,1,1,701
373,LP002205,1,0,1,1,1,244960,158960.0,8880.0,180.0,0,0,321
374,LP002209,0,0,0,1,1,221120,116720.0,8800.0,360.0,0,1,791
375,LP002211,1,1,0,1,1,385360,73840.0,9600.0,180.0,0,1,770
376,LP002219,1,1,3,1,1,700000,399680.0,10400.0,360.0,1,1,739
377,LP002223,1,1,0,1,1,344800,0.0,10400.0,360.0,2,1,500
378,LP002224,1,0,0,1,1,245520,0.0,5680.0,480.0,0,0,766
379,LP002225,1,1,2,1,1,431280,0.0,10400.0,360.0,0,1,768
380,LP002226,1,1,0,1,1,266640,200000.0,10240.0,360.0,2,1,716
381,LP002229,1,0,0,1,1,475280,338560.0,23680.0,360.0,2,1,749
382,LP002231,0,0,0,1,1,480000,0.0,12480.0,360.0,0,1,735
383,LP002234,1,0,0,1,1,573360,0.0,10240.0,360.0,0,1,767
384,LP002236,1,1,2,1,1,365280,0.0,8000.0,360.0,0,0,764
385,LP002237,1,0,1,1,1,293360,0.0,9040.0,180.0,0,1,769
386,LP002239,1,0,0,0,1,187680,128000.0,10560.0,360.0,2,1,712
387,LP002243,1,1,0,0,1,240800,250880.0,10240.0,360.0,0,0,472
388,LP002244,1,1,0,1,1,186640,193360.0,10880.0,360.0,0,1,714
389,LP002250,1,1,0,1,1,439040,0.0,10000.0,360.0,1,1,752
390,LP002255,1,0,3,1,1,733360,0.0,14800.0,360.0,1,1,734
391,LP002262,1,1,3,1,1,760320,0.0,22000.0,360.0,1,1,711
392,LP002263,1,1,0,1,1,206640,169200.0,9600.0,360.0,0,1,386
393,LP002265,1,1,2,0,1,159440,130000.0,9040.0,180.0,2,1,770
394,LP002266,1,1,2,1,1,248000,112000.0,9040.0,360.0,0,1,742
395,LP002272,1,1,2,1,1,262080,38720.0,10800.0,360.0,2,1,588
396,LP002277,0,0,0,1,1,254400,0.0,5680.0,360.0,0,0,419
397,LP002281,1,1,0,1,1,242640,116720.0,7600.0,360.0,0,1,737
398,LP002284,1,0,0,0,1,312160,133280.0,8720.0,360.0,1,1,725
399,LP002287,0,0,0,1,1,120000,144000.0,8240.0,360.0,2,0,450
400,LP002288,1,1,2,0,1,231120,0.0,3600.0,180.0,0,0,539
401,LP002296,1,0,0,0,1,220400,0.0,5200.0,300.0,1,0,785
402,LP002297,1,0,0,1,1,200000,1600000.0,8240.0,360.0,2,1,790
403,LP002300,0,0,0,0,1,157040,0.0,4240.0,360.0,2,1,734
404,LP002301,0,0,0,1,1,595280,0.0,15520.0,360.0,1,0,716
405,LP002305,0,0,0,1,1,363760,0.0,9200.0,360.0,2,1,745
406,LP002308,1,1,0,0,1,173360,192000.0,9200.0,360.0,0,1,771
407,LP002314,0,0,0,0,1,177040,0.0,5280.0,360.0,1,1,724
408,LP002315,1,1,1,1,1,664000,0.0,12160.0,300.0,2,0,440
409,LP002317,1,1,3,1,1,6480000,0.0,28800.0,360.0,1,0,343
410,LP002318,0,0,1,0,1,309360,0.0,4960.0,360.0,2,0,730
411,LP002319,1,1,0,1,1,500480,0.0,12800.0,360.0,0,1,343
412,LP002328,1,1,0,0,1,487680,0.0,17440.0,360.0,1,0,525
413,LP002332,1,1,0,0,1,180240,162640.0,8800.0,360.0,1,1,743
414,LP002335,0,1,0,0,1,171920,258960.0,14240.0,360.0,2,0,357
415,LP002337,0,0,0,1,1,239600,0.0,4800.0,360.0,0,1,758
416,LP002341,0,0,1,1,1,208000,0.0,12800.0,360.0,0,0,792
417,LP002342,1,1,2,1,1,128000,1600000.0,19120.0,360.0,0,0,725
418,LP002345,1,1,0,1,1,82000,221840.0,8960.0,360.0,1,1,749
419,LP002347,1,1,0,1,1,259680,113360.0,11040.0,360.0,2,1,739
420,LP002348,1,1,0,1,1,466320,0.0,11040.0,360.0,1,1,795
421,LP002357,0,0,0,0,1,217600,0.0,6400.0,360.0,0,0,448
422,LP002361,1,1,0,1,1,145600,137520.0,8000.0,360.0,0,1,712
423,LP002362,1,1,1,1,1,580000,133360.0,8800.0,360.0,0,0,471
424,LP002364,1,1,0,1,1,1190400,0.0,7680.0,360.0,2,1,795
425,LP002366,1,1,0,1,1,213280,344000.0,9680.0,360.0,1,1,739
426,LP002367,0,0,1,0,1,368480,0.0,6480.0,360.0,1,0,776
427,LP002368,1,1,2,1,1,474800,0.0,10640.0,360.0,2,1,719
428,LP002369,1,1,0,1,1,233600,1289.6000672,6960.0,360.0,1,1,734
429,LP002370,1,0,0,0,1,217360,0.0,4800.0,180.0,0,1,767
430,LP002377,0,0,1,1,1,689920,0.0,12000.0,360.0,2,1,733
431,LP002379,1,0,0,1,1,520000,0.0,8400.0,360.0,1,0,571
432,LP002386,1,0,0,1,1,1030080,0.0,32400.0,360.0,2,1,726
433,LP002387,1,1,0,1,1,194000,187200.0,11440.0,360.0,2,1,797
434,LP002390,1,0,0,1,1,300000,0.0,8000.0,360.0,0,1,747
435,LP002393,0,1,0,1,1,803760,0.0,10240.0,240.0,2,1,748
436,LP002398,1,0,0,1,1,154080,148080.0,4000.0,360.0,2,1,722
437,LP002401,1,1,0,1,1,177040,90000.0,10240.0,360.0,0,1,797
438,LP002403,1,0,0,1,1,833280,0.0,14960.0,360.0,0,0,311
439,LP002407,0,1,0,0,1,571360,0.0,11040.0,360.0,1,1,779
440,LP002408,1,0,0,1,1,292800,405120.0,14960.0,360.0,2,1,784
441,LP002409,1,1,0,1,1,632080,146640.0,14400.0,360.0,1,1,746
442,LP002418,1,0,3,0,1,376560,159440.0,11840.0,360.0,2,1,750
443,LP002422,1,0,1,1,1,3017520,0.0,12160.0,360.0,2,1,746
444,LP002424,1,1,0,1,1,586640,666640.0,14000.0,300.0,1,1,301
445,LP002429,1,1,1,1,1,277280,96800.0,10400.0,360.0,1,1,744
446,LP002434,1,1,2,0,1,372160,0.0,8800.0,360.0,1,1,746
447,LP002435,1,1,0,1,1,283120,110080.0,4400.0,360.0,1,0,748
448,LP002443,1,1,2,1,1,267200,136800.0,12000.0,360.0,1,0,533
449,LP002444,1,0,1,0,1,221520,123360.0,15200.0,360.0,2,0,554
450,LP002446,1,1,2,0,1,184720,100400.0,10000.0,360.0,1,0,410
451,LP002447,1,1,2,0,1,156640,116480.0,4800.0,300.0,0,1,309
452,LP002448,1,1,0,1,1,315840,138640.0,11920.0,360.0,1,0,556
453,LP002449,1,1,0,1,1,198640,197280.0,7200.0,180.0,1,1,498
454,LP002453,1,0,0,1,1,566800,0.0,6720.0,360.0,2,1,757
455,LP002455,1,1,2,1,1,308720,0.0,7680.0,360.0,2,1,705
456,LP002459,1,1,0,1,1,344080,0.0,9440.0,360.0,0,1,710
457,LP002467,1,1,0,1,1,296640,205520.0,13840.0,360.0,0,0,741
458,LP002472,1,0,2,1,1,348320,0.0,10880.0,360.0,1,1,710
459,LP002473,1,1,0,1,1,666720,0.0,12800.0,360.0,2,0,748
460,LP002478,1,1,0,1,1,166640,326640.0,12800.0,360.0,2,1,373
461,LP002484,1,1,3,1,1,619200,0.0,10240.0,180.0,0,1,760
462,LP002487,1,1,0,1,1,241200,175040.0,12240.0,360.0,1,1,763
463,LP002489,0,0,1,0,1,415280,0.0,10560.0,360.0,2,1,750
464,LP002493,1,0,0,1,1,333280,0.0,7840.0,360.0,2,0,446
465,LP002494,1,0,0,1,1,480000,0.0,11200.0,360.0,1,1,790
466,LP002500,1,1,3,0,1,235760,133120.0,5600.0,180.0,0,0,572
467,LP002501,1,1,0,1,1,1335360,0.0,8800.0,360.0,2,1,718
468,LP002502,0,1,2,0,1,16800,233360.0,7840.0,360.0,2,1,732
469,LP002505,1,1,0,1,1,346640,196080.0,8800.0,360.0,0,0,795
470,LP002515,1,1,1,1,1,276000,166320.0,12960.0,360.0,2,1,791
471,LP002517,1,1,1,0,1,212240,120000.0,9040.0,180.0,1,0,468
472,LP002519,1,1,3,1,1,375280,0.0,8000.0,360.0,2,1,785
473,LP002522,0,0,0,1,1,200000,0.0,7440.0,360.0,0,1,477
474,LP002524,1,0,2,1,1,442560,371840.0,12960.0,360.0,1,1,721
475,LP002527,1,1,2,1,1,1322000,81120.0,12000.0,360.0,1,1,797
476,LP002529,1,1,2,1,1,536000,140000.0,18400.0,300.0,2,1,704
477,LP002530,1,1,2,1,1,229840,149760.0,10560.0,360.0,2,0,386
478,LP002531,1,1,1,1,1,1333360,180000.0,6880.0,360.0,2,1,765
479,LP002533,1,1,2,1,1,235760,128240.0,10240.0,360.0,0,0,749
480,LP002534,0,0,0,0,1,348000,0.0,12320.0,360.0,1,1,791
481,LP002536,1,1,3,0,1,247600,0.0,9040.0,360.0,1,1,778
482,LP002537,1,1,0,1,1,166640,252000.0,10240.0,360.0,2,1,759
483,LP002541,1,1,0,1,1,866640,0.0,18720.0,360.0,2,1,766
484,LP002543,1,1,2,1,1,666640,0.0,19680.0,360.0,2,1,741
485,LP002544,1,1,1,0,1,156640,194880.0,10480.0,360.0,1,1,743
486,LP002545,1,0,2,1,1,283760,0.0,6400.0,360.0,1,0,402
487,LP002547,1,1,1,1,1,1466640,0.0,40000.0,360.0,0,0,735
488,LP002555,1,1,2,1,1,366640,166640.0,12800.0,360.0,2,1,787
489,LP002556,1,0,0,1,1,194800,0.0,6000.0,360.0,0,0,720
490,LP002560,1,0,0,0,1,215920,222800.0,7680.0,360.0,2,1,572
491,LP002562,1,1,1,0,1,426640,90480.0,14880.0,360.0,0,1,311
492,LP002571,1,0,0,0,1,295280,0.0,8800.0,360.0,1,1,763
493,LP002582,0,0,0,0,1,1381040,0.0,18000.0,360.0,2,1,798
494,LP002585,1,1,0,1,1,287760,172560.0,9520.0,360.0,1,0,371
495,LP002586,0,1,1,1,1,266080,73040.0,8400.0,84.0,2,1,757
496,LP002587,1,1,0,0,1,208000,136000.0,8560.0,360.0,1,1,762
497,LP002588,1,1,0,1,1,370000,228560.0,8880.0,12.0,0,1,440
498,LP002600,1,1,1,1,1,231600,0.0,7600.0,360.0,2,1,742
499,LP002602,1,0,0,1,1,502640,353280.0,16720.0,360.0,1,0,534
500,LP002603,0,0,0,1,1,51600,294640.0,9040.0,480.0,1,1,778
501,LP002606,0,0,0,1,1,252720,0.0,8000.0,360.0,2,1,722
502,LP002615,1,1,2,1,1,389200,449920.0,16640.0,360.0,2,1,729
503,LP002618,1,1,1,0,1,324000,424160.0,11040.0,360.0,1,0,486
504,LP002619,1,1,0,0,1,305120,118640.0,9920.0,300.0,2,1,703
505,LP002622,1,1,2,1,1,280800,353280.0,19440.0,360.0,1,1,791
506,LP002624,1,1,0,1,1,1666640,533360.0,38400.0,360.0,0,1,517
507,LP002625,1,0,0,1,1,286640,0.0,7680.0,360.0,0,0,737
508,LP002626,1,1,0,1,1,198320,241040.0,15040.0,360.0,0,1,709
509,LP002634,0,0,1,1,1,1060960,0.0,3200.0,360.0,0,1,756
510,LP002637,1,0,0,0,1,287840,102960.0,8000.0,360.0,1,0,772
511,LP002640,1,1,1,1,1,485200,160320.0,20000.0,360.0,2,1,720
512,LP002643,1,1,2,1,1,262640,162800.0,11840.0,360.0,0,1,737
513,LP002648,1,1,0,1,1,170400,533280.0,5600.0,180.0,2,0,774
514,LP002652,1,0,0,1,1,465200,293280.0,24880.0,360.0,1,0,754
515,LP002659,1,1,3,1,1,277280,274240.0,12000.0,360.0,1,1,761
516,LP002670,0,1,2,1,1,162480,130560.0,9040.0,480.0,2,1,753
517,LP002682,1,1,0,0,1,245920,144000.0,9840.0,360.0,2,0,341
518,LP002683,1,0,0,1,1,374640,153200.0,14800.0,360.0,2,0,765
519,LP002684,0,0,0,0,1,272000,0.0,7600.0,360.0,1,0,796
520,LP002689,1,1,2,0,1,175360,139360.0,3600.0,360.0,2,1,717
521,LP002690,1,0,0,1,1,200000,0.0,4400.0,360.0,2,1,763
522,LP002692,1,1,3,1,1,454160,113920.0,8000.0,360.0,1,1,797
523,LP002693,1,1,2,1,1,635840,573280.0,38400.0,360.0,1,1,793
524,LP002697,1,0,0,1,1,374400,166960.0,10240.0,360.0,2,0,723
525,LP002699,1,1,2,1,1,1400000,0.0,32000.0,360.0,1,1,736
526,LP002705,1,1,0,1,1,302000,0.0,8800.0,360.0,2,1,736
527,LP002706,1,1,1,0,1,422800,114400.0,12880.0,360.0,2,1,593
528,LP002714,1,0,1,0,1,214320,104160.0,7520.0,360.0,2,1,760
529,LP002716,1,0,0,0,1,542640,0.0,10400.0,360.0,2,1,754
530,LP002717,1,1,0,1,1,82000,440000.0,17280.0,360.0,1,1,443
531,LP002720,1,1,3,1,1,342480,0.0,8000.0,360.0,0,1,784
532,LP002723,1,0,2,1,1,287040,0.0,8800.0,360.0,1,0,515
533,LP002729,1,0,1,1,1,900000,0.0,15680.0,360.0,2,0,552
534,LP002731,0,0,0,0,1,1453200,0.0,10000.0,360.0,0,1,788
535,LP002732,1,0,0,0,1,204000,163360.0,10080.0,360.0,1,1,737
536,LP002734,1,1,0,1,1,490640,312480.0,25920.0,360.0,0,1,724
537,LP002738,1,0,2,1,1,289360,0.0,8560.0,360.0,2,1,785
538,LP002739,1,1,0,0,1,233360,42880.0,5280.0,360.0,1,0,734
539,LP002740,1,1,3,1,1,513360,0.0,12560.0,180.0,1,1,727
540,LP002741,0,1,1,1,1,368640,227600.0,11200.0,180.0,2,1,779
541,LP002743,0,0,0,1,1,171040,0.0,7920.0,360.0,2,0,584
542,LP002753,0,0,1,1,1,292160,0.0,7600.0,360.0,2,1,752
543,LP002755,1,1,1,0,1,179120,201920.0,10240.0,360.0,0,1,724
544,LP002757,0,1,0,0,1,241360,53040.0,8160.0,360.0,2,1,525
545,LP002767,1,1,0,1,1,221440,156000.0,12400.0,360.0,1,1,727
546,LP002768,1,0,0,0,1,268640,0.0,6400.0,36.0,2,0,758
547,LP002772,1,0,0,1,1,202080,142640.0,11600.0,360.0,1,1,723
548,LP002776,0,0,0,1,1,400000,0.0,8240.0,360.0,2,0,590
549,LP002777,1,1,0,1,1,222800,161280.0,8800.0,360.0,1,1,768
550,LP002778,1,1,2,1,1,530640,0.0,10240.0,360.0,1,0,547
551,LP002784,1,1,1,0,1,199360,190000.0,10240.0,360.0,1,1,706
552,LP002785,1,1,1,1,1,266640,260000.0,12640.0,360.0,0,1,704
553,LP002788,1,1,0,0,1,196320,186640.0,14480.0,360.0,0,0,595
554,LP002789,1,1,0,1,1,287440,341280.0,10560.0,180.0,1,0,518
555,LP002792,1,1,1,1,1,437440,82560.0,2080.0,360.0,2,1,785
556,LP002794,0,0,0,1,1,213360,130000.0,6720.0,360.0,0,1,480
557,LP002795,1,1,3,1,1,811120,0.0,20800.0,360.0,2,1,756
558,LP002798,1,1,0,1,1,310960,213520.0,12960.0,360.0,2,1,720
559,LP002804,0,1,0,1,1,334400,184480.0,14560.0,360.0,2,1,732
560,LP002807,1,1,2,0,1,294000,19360.0,8640.0,360.0,2,1,761
561,LP002813,0,1,1,1,1,1558720,0.0,48000.0,360.0,2,1,727
562,LP002820,1,1,0,1,1,473840,164320.0,16880.0,360.0,1,1,772
563,LP002821,1,0,0,0,1,464000,0.0,10560.0,360.0,2,1,759
564,LP002832,1,1,2,1,1,703920,0.0,20640.0,360.0,0,0,519
565,LP002833,1,1,0,0,1,357360,0.0,9600.0,360.0,1,1,521
566,LP002836,1,0,0,1,1,266640,0.0,5600.0,360.0,0,1,721
567,LP002837,1,1,3,1,1,272000,200000.0,9840.0,360.0,1,0,538
568,LP002840,0,0,0,1,1,190240,0.0,720.0,360.0,0,0,702
569,LP002841,1,1,0,1,1,253280,165120.0,8320.0,360.0,0,0,305
570,LP002842,1,1,1,1,1,273360,140000.0,14880.0,360.0,0,1,786
571,LP002847,1,1,0,1,1,409280,116080.0,13200.0,360.0,0,0,547
572,LP002855,1,1,2,1,1,1333280,0.0,22000.0,360.0,0,1,769
573,LP002862,1,1,2,0,1,490000,130000.0,14960.0,480.0,2,0,717
574,LP002863,1,1,3,1,1,512480,0.0,12000.0,360.0,2,0,799
575,LP002868,1,1,2,1,1,252720,36880.0,8640.0,84.0,0,1,773
576,LP002872,1,1,0,1,1,246960,176800.0,10880.0,360.0,2,0,400
577,LP002874,1,0,0,1,1,258320,219120.0,8800.0,360.0,0,1,793
578,LP002877,1,1,1,1,1,142560,178560.0,8560.0,360.0,1,1,731
579,LP002888,1,0,0,1,1,254560,233360.0,12880.0,360.0,0,1,773
580,LP002892,1,1,2,1,1,523200,0.0,16400.0,360.0,2,1,778
581,LP002893,1,0,0,1,1,146880,2706960.0,7200.0,360.0,0,0,707
582,LP002894,0,1,0,1,1,253280,0.0,2880.0,360.0,2,1,702
583,LP002898,1,1,1,1,1,150400,0.0,4880.0,360.0,1,0,347
584,LP002911,1,1,1,1,1,222960,153360.0,11680.0,360.0,1,0,509
585,LP002912,1,1,1,1,1,342640,240000.0,13760.0,84.0,1,0,765
586,LP002916,1,1,0,1,1,183760,121760.0,8320.0,360.0,0,1,714
587,LP002917,0,0,0,0,1,173200,0.0,5600.0,360.0,2,1,799
588,LP002925,1,0,0,1,1,380000,0.0,7520.0,360.0,2,1,711
589,LP002926,1,1,2,1,1,218080,0.0,8480.0,360.0,2,0,366
590,LP002928,1,1,0,1,1,240000,273280.0,4480.0,180.0,2,1,798
591,LP002931,1,1,2,1,1,480000,0.0,16400.0,240.0,2,0,778
592,LP002933,1,0,3,1,1,748560,0.0,23360.0,360.0,2,1,718
593,LP002936,1,1,0,1,1,308720,264000.0,11360.0,180.0,1,1,702
594,LP002938,1,1,0,1,1,1289600,0.0,20800.0,360.0,0,1,708
595,LP002940,1,0,0,0,1,306640,0.0,8800.0,360.0,1,1,783
596,LP002941,1,1,2,0,1,510640,80000.0,14960.0,360.0,1,0,764
597,LP002943,1,0,0,1,1,238960,0.0,7040.0,360.0,2,0,449
598,LP002945,1,1,0,1,1,797040,0.0,14400.0,360.0,1,1,735
599,LP002948,1,1,2,1,1,462400,0.0,15360.0,360.0,0,1,745
600,LP002949,0,0,3,1,1,33280,3333360.0,28000.0,180.0,0,0,363
601,LP002950,1,1,0,0,1,231520,223360.0,12400.0,360.0,1,1,789
602,LP002953,1,1,3,1,1,456240,0.0,10240.0,360.0,0,1,710
603,LP002958,1,0,0,1,1,294080,344080.0,13760.0,360.0,1,1,734
604,LP002959,0,1,1,1,1,960000,0.0,39680.0,360.0,2,1,729
605,LP002960,1,1,0,0,1,192000,304000.0,10240.0,180.0,0,0,783
606,LP002961,1,1,1,1,1,272000,200000.0,13840.0,360.0,2,1,771
607,LP002964,1,1,2,0,1,318960,112880.0,12560.0,360.0,1,1,774
608,LP002974,1,1,0,1,1,258560,156000.0,8640.0,360.0,1,1,732
609,LP002978,0,0,0,1,1,232000,0.0,5680.0,360.0,1,1,774
610,LP002979,1,1,3,1,1,328480,0.0,3200.0,180.0,1,1,703
611,LP002983,1,1,1,1,1,645760,19200.0,20240.0,360.0,0,1,788
612,LP002984,1,1,2,1,1,606640,0.0,14960.0,360.0,0,1,727
613,LP002990,0,0,0,1,1,366640,0.0,10640.0,360.0,2,0,371
